cod.municipio,homicidios12,homicidios13,poblacion12,poblacion13,tasa.homicidios12,tasa.homicidios13
5001,1239,919,2393011,2417325,0.52,0.38
5002,7,6,19570,19478,0.36,0.31
5004,0,0,2290,2231,0.00,0.00
5021,0,1,3575,3550,0.00,0.28
5030,15,25,28897,29117,0.52,0.86
5031,9,14,21615,21768,0.42,0.64
5034,11,31,44573,44994,0.25,0.69
5036,6,7,8551,8680,0.70,0.81
5038,2,1,11695,11579,0.17,0.09
5040,6,13,16447,16658,0.36,0.78
5042,10,13,24025,24202,0.42,0.54
5044,0,4,7529,7543,0.00,0.53
5045,43,36,162914,167895,0.26,0.21
5051,7,6,37124,38100,0.19,0.16
5055,1,2,9108,8968,0.11,0.22
5059,2,4,4484,4383,0.45,0.91
5079,46,45,47722,48503,0.96,0.93
5086,2,7,6590,6645,0.30,1.05
5088,117,92,430034,438577,0.27,0.21
5091,2,1,9586,9487,0.21,0.11
5093,1,9,17317,17409,0.06,0.52
5101,8,22,27458,27335,0.29,0.80
5107,5,12,8728,8720,0.57,1.38
5113,1,6,6716,6689,0.15,0.90
5120,12,28,34865,35823,0.34,0.78
5125,1,2,8050,8099,0.12,0.25
5129,34,34,75033,75984,0.45,0.45
5134,4,4,9270,9209,0.43,0.43
5138,3,3,16793,16780,0.18,0.18
5142,1,1,4671,4646,0.21,0.22
5145,1,3,5410,5395,0.18,0.56
5147,17,14,51710,53048,0.33,0.26
5148,4,19,44992,45578,0.09,0.42
5150,3,2,3734,3696,0.80,0.54
5154,9,55,104318,106887,0.09,0.51
5172,41,25,70648,72453,0.58,0.35
5190,2,6,9247,9191,0.22,0.65
5197,1,5,15013,15010,0.07,0.33
5206,2,1,3756,3659,0.53,0.27
5209,5,9,20922,20843,0.24,0.43
5212,26,26,67549,68434,0.38,0.38
5234,6,9,23643,23560,0.25,0.38
5237,3,5,20828,21295,0.14,0.23
5240,2,3,12516,12526,0.16,0.24
5250,11,44,48568,48914,0.23,0.90
5264,2,1,9501,9654,0.21,0.10
5266,43,28,207290,212283,0.21,0.13
5282,4,14,21936,21817,0.18,0.64
5284,5,6,17587,17261,0.28,0.35
5306,1,2,4077,4064,0.25,0.49
5308,22,35,50583,51782,0.43,0.68
5310,2,4,12353,12513,0.16,0.32
5313,1,1,9838,9838,0.10,0.10
5315,1,4,6281,6287,0.16,0.64
5318,9,13,45253,46096,0.20,0.28
5321,1,1,5458,5394,0.18,0.19
5347,2,2,6138,6060,0.33,0.33
5353,1,4,4854,4859,0.21,0.82
5360,121,87,258520,261662,0.47,0.33
5361,8,24,22148,21757,0.36,1.10
5364,2,4,13971,13900,0.14,0.29
5368,0,0,12324,12249,0.00,0.00
5376,4,9,50805,51445,0.08,0.17
5380,53,40,59400,60388,0.89,0.66
5390,2,2,6720,6665,0.30,0.30
5400,4,9,18793,18905,0.21,0.48
5411,0,1,9507,9515,0.00,0.11
5425,5,5,7102,7021,0.70,0.71
5440,9,13,50955,51767,0.18,0.25
5467,1,3,6578,6450,0.15,0.47
5475,0,0,4315,4402,0.00,0.00
5480,14,7,19284,19714,0.73,0.36
5483,1,4,16730,16913,0.06,0.24
5490,9,6,57728,59230,0.16,0.10
5495,0,4,24703,25311,0.00,0.16
5501,3,7,3132,3169,0.96,2.21
5541,4,4,16020,15985,0.25,0.25
5543,2,3,10536,10669,0.19,0.28
5576,0,1,7402,7272,0.00,0.14
5579,34,29,44431,45239,0.77,0.64
5585,10,2,18103,18289,0.55,0.11
5591,3,7,18872,19263,0.16,0.36
5604,75,39,27172,27832,2.76,1.40
5607,2,3,18502,18712,0.11,0.16
5615,14,38,114299,116289,0.12,0.33
5628,1,6,8191,8191,0.12,0.73
5631,13,9,49727,50444,0.26,0.18
5642,6,8,17804,17740,0.34,0.45
5647,8,6,6556,6449,1.22,0.93
5649,1,3,15976,16008,0.06,0.19
5652,2,2,5625,5521,0.36,0.36
5656,7,12,12369,12456,0.57,0.96
5658,0,0,3250,3277,0.00,0.00
5659,4,2,23801,24253,0.17,0.08
5660,2,13,10964,10956,0.18,1.19
5664,4,15,25211,25676,0.16,0.58
5665,6,4,30536,30785,0.20,0.13
5667,1,1,13127,13076,0.08,0.08
5670,7,7,17214,17077,0.41,0.41
5674,3,6,17877,17652,0.17,0.34
5679,1,1,22556,22397,0.04,0.04
5686,22,10,34295,34753,0.64,0.29
5690,0,16,10759,10650,0.00,1.50
5697,0,8,26910,26981,0.00,0.30
5736,79,72,38661,39163,2.04,1.84
5756,2,5,36445,36104,0.05,0.14
5761,2,10,14327,14453,0.14,0.69
5789,2,1,15218,15058,0.13,0.07
5790,16,36,39257,40355,0.41,0.89
5792,0,0,7542,7616,0.00,0.00
5809,2,6,14092,14199,0.14,0.42
5819,6,7,6144,6220,0.98,1.13
5837,39,47,147243,151161,0.26,0.31
5842,1,2,8261,8253,0.12,0.24
5847,2,12,42847,43436,0.05,0.28
5854,7,30,20564,21092,0.34,1.42
5856,2,2,6227,6209,0.32,0.32
5858,18,15,9966,9786,1.81,1.53
5861,7,3,13314,13295,0.53,0.23
5873,1,1,5543,5556,0.18,0.18
5885,5,7,8098,8167,0.62,0.86
5887,13,32,45177,45740,0.29,0.70
5890,3,9,22730,23142,0.13,0.39
5893,8,12,17503,17867,0.46,0.67
5895,6,43,29614,29989,0.20,1.43
8001,348,317,1200513,1206946,0.29,0.26
8078,9,9,56031,56641,0.16,0.16
8137,0,2,16911,16618,0.00,0.12
8141,0,0,12373,12413,0.00,0.00
8296,7,5,39300,40420,0.18,0.12
8372,1,1,16130,16358,0.06,0.06
8421,3,9,25862,26206,0.12,0.34
8433,19,26,115274,117283,0.16,0.22
8436,1,1,15141,15338,0.07,0.07
8520,3,0,24872,25037,0.12,0.00
8549,0,0,5104,5112,0.00,0.00
8558,0,1,14889,15018,0.00,0.07
8560,1,2,21253,21584,0.05,0.09
8573,9,6,27393,27309,0.33,0.22
8606,3,1,25083,25420,0.12,0.04
8634,2,8,29707,30362,0.07,0.26
8638,15,20,94837,95966,0.16,0.21
8675,0,0,11867,11778,0.00,0.00
8685,1,1,24934,25067,0.04,0.04
8758,135,101,566784,582774,0.24,0.17
8770,0,1,9057,8954,0.00,0.11
8832,1,1,11003,11014,0.09,0.09
8849,0,1,9232,9292,0.00,0.11
11001,1248,1259,7571345,7674366,0.16,0.16
13001,228,275,967103,978600,0.24,0.28
13006,4,1,21913,22279,0.18,0.04
13030,0,0,12909,13159,0.00,0.00
13042,4,1,17704,18082,0.23,0.06
13052,11,16,68583,69869,0.16,0.23
13062,0,1,9534,9656,0.00,0.10
13074,0,2,16873,17171,0.00,0.12
13140,0,0,22436,22720,0.00,0.00
13160,6,5,8765,8919,0.68,0.56
13188,0,2,11085,11105,0.00,0.18
13212,0,0,12573,12527,0.00,0.00
13222,0,1,12250,12340,0.00,0.08
13244,7,8,72650,73457,0.10,0.11
13248,0,0,7751,7768,0.00,0.00
13268,0,2,8914,9099,0.00,0.22
13300,0,0,11788,11846,0.00,0.00
13430,18,6,123312,123477,0.15,0.05
13433,4,2,24838,25150,0.16,0.08
13440,0,0,9656,9718,0.00,0.00
13442,8,14,47089,47410,0.17,0.30
13458,4,6,19795,20262,0.20,0.30
13468,2,3,43187,43493,0.05,0.07
13473,3,2,20278,20566,0.15,0.10
13490,1,1,5299,5266,0.19,0.19
13549,0,1,24179,24428,0.00,0.04
13580,0,0,9937,10108,0.00,0.00
13600,2,0,17242,17512,0.12,0.00
13620,0,0,6623,6643,0.00,0.00
13647,1,1,15936,16047,0.06,0.06
13650,0,0,13466,13556,0.00,0.00
13654,4,4,21469,21498,0.19,0.19
13655,0,1,12584,12857,0.00,0.08
13657,1,3,33122,33231,0.03,0.09
13667,3,1,16203,16560,0.19,0.06
13670,14,7,31197,31876,0.45,0.22
13673,2,5,12790,12929,0.16,0.39
13683,2,1,21142,21618,0.09,0.05
13688,13,14,39346,40200,0.33,0.35
13744,3,9,19487,19726,0.15,0.46
13760,0,0,8385,8401,0.00,0.00
13780,0,0,11250,11278,0.00,0.00
13810,5,8,20874,21243,0.24,0.38
13836,21,24,69228,70190,0.30,0.34
13838,4,2,14435,14576,0.28,0.14
13873,7,2,19010,19234,0.37,0.10
13894,1,0,11383,11459,0.09,0.00
15001,15,14,177971,181418,0.08,0.08
15022,0,0,1907,1850,0.00,0.00
15047,2,2,15733,15577,0.13,0.13
15051,2,0,5230,5234,0.38,0.00
15087,0,2,7876,7718,0.00,0.26
15090,0,0,1926,1928,0.00,0.00
15092,0,0,2199,2156,0.00,0.00
15097,0,0,7585,7410,0.00,0.00
15104,0,0,4657,4590,0.00,0.00
15106,0,0,2641,2618,0.00,0.00
15109,1,0,5823,5812,0.17,0.00
15114,0,0,1064,1095,0.00,0.00
15131,0,1,3770,3724,0.00,0.27
15135,1,1,3917,3885,0.26,0.26
15162,0,1,3932,3883,0.00,0.26
15172,0,1,3606,3582,0.00,0.28
15176,4,3,62453,63381,0.06,0.05
15180,0,0,4604,4506,0.00,0.00
15183,0,0,9917,9786,0.00,0.00
15185,1,1,5991,5888,0.17,0.17
15187,1,0,5841,5953,0.17,0.00
15189,0,0,4924,4870,0.00,0.00
15204,0,0,14098,14277,0.00,0.00
15212,3,0,3824,3780,0.78,0.00
15215,1,0,2350,2330,0.43,0.00
15218,0,0,3002,2952,0.00,0.00
15223,5,2,6702,6710,0.75,0.30
15224,1,0,4658,4665,0.21,0.00
15226,2,0,1944,1932,1.03,0.00
15232,0,0,5659,5601,0.00,0.00
15236,0,0,1915,1873,0.00,0.00
15238,8,9,111367,111804,0.07,0.08
15244,1,0,5345,5309,0.19,0.00
15248,0,0,4153,4169,0.00,0.00
15272,1,0,6035,5996,0.17,0.00
15276,0,0,4649,4608,0.00,0.00
15293,0,0,2782,2743,0.00,0.00
15296,1,0,5095,5019,0.20,0.00
15299,0,0,16855,16880,0.00,0.00
15317,0,0,1815,1771,0.00,0.00
15322,1,0,9794,9726,0.10,0.00
15325,1,1,5490,5371,0.18,0.19
15332,0,0,7212,7110,0.00,0.00
15362,0,0,2281,2305,0.00,0.00
15367,0,1,7587,7612,0.00,0.13
15368,0,1,4223,4162,0.00,0.24
15377,6,1,5186,5158,1.16,0.19
15380,0,0,2715,2658,0.00,0.00
15401,0,0,1674,1674,0.00,0.00
15403,1,1,2824,2719,0.35,0.37
15407,0,1,15027,15502,0.00,0.06
15425,0,0,4796,4805,0.00,0.00
15442,2,0,7609,7563,0.26,0.00
15455,1,0,9744,9752,0.10,0.00
15464,0,0,4889,4832,0.00,0.00
15466,0,0,4990,4989,0.00,0.00
15469,1,0,21567,21512,0.05,0.00
15476,0,1,7671,7797,0.00,0.13
15480,3,1,9419,9283,0.32,0.11
15491,0,0,16002,16083,0.00,0.00
15494,0,0,6436,6470,0.00,0.00
15500,0,0,2831,2834,0.00,0.00
15507,1,3,10617,10633,0.09,0.28
15511,0,0,2675,2624,0.00,0.00
15514,2,0,3053,3006,0.66,0.00
15516,1,2,29890,30176,0.03,0.07
15518,1,2,1898,1840,0.53,1.09
15522,0,0,1591,1563,0.00,0.00
15531,0,5,10695,10727,0.00,0.47
15533,3,0,2586,2575,1.16,0.00
15537,1,0,4858,4796,0.21,0.00
15542,2,0,8543,8369,0.23,0.00
15550,0,0,1395,1384,0.00,0.00
15572,14,13,53935,54391,0.26,0.24
15580,0,1,8166,8074,0.00,0.12
15599,0,2,10255,10178,0.00,0.20
15600,1,3,13285,13377,0.08,0.22
15621,0,0,2878,2860,0.00,0.00
15632,2,0,12564,12498,0.16,0.00
15638,0,0,3819,3810,0.00,0.00
15646,3,2,19239,19463,0.16,0.10
15660,1,0,1893,1883,0.53,0.00
15664,0,2,5395,5340,0.00,0.37
15667,0,4,5479,5360,0.00,0.75
15673,0,2,3987,3890,0.00,0.51
15676,0,0,4577,4570,0.00,0.00
15681,1,8,10663,10623,0.09,0.75
15686,2,3,7749,7731,0.26,0.39
15690,0,0,4168,4105,0.00,0.00
15693,0,0,13392,13393,0.00,0.00
15696,0,0,2828,2790,0.00,0.00
15720,0,0,2463,2418,0.00,0.00
15723,0,0,1184,1156,0.00,0.00
15740,2,1,8950,8956,0.22,0.11
15753,1,0,7834,7638,0.13,0.00
15755,1,0,8757,8541,0.11,0.00
15757,0,0,7297,7241,0.00,0.00
15759,6,6,114676,114213,0.05,0.05
15761,0,2,3858,3766,0.00,0.53
15762,0,0,3016,3019,0.00,0.00
15763,2,1,8090,7964,0.25,0.13
15764,0,0,5529,5466,0.00,0.00
15774,0,0,3266,3214,0.00,0.00
15776,1,1,5990,5966,0.17,0.17
15778,0,0,4223,4175,0.00,0.00
15790,1,0,6542,6478,0.15,0.00
15798,0,0,4286,4228,0.00,0.00
15804,1,0,9356,9295,0.11,0.00
15806,0,3,13662,13795,0.00,0.22
15808,0,1,3017,3024,0.00,0.33
15810,0,0,3409,3340,0.00,0.00
15814,2,1,10300,10260,0.19,0.10
15816,1,0,5061,5030,0.20,0.00
15820,0,0,3694,3694,0.00,0.00
15822,0,0,5490,5457,0.00,0.00
15832,1,0,1771,1796,0.56,0.00
15835,0,0,6598,6454,0.00,0.00
15837,1,0,9481,9553,0.11,0.00
15839,0,0,1997,1964,0.00,0.00
15842,0,1,10298,10308,0.00,0.10
15861,0,3,15163,15259,0.00,0.20
15879,1,0,3298,3278,0.30,0.00
15897,1,0,4722,4680,0.21,0.00
17001,114,111,391640,393167,0.29,0.28
17013,7,6,22728,22503,0.31,0.27
17042,6,10,34175,34053,0.18,0.29
17050,1,1,11842,11698,0.08,0.09
17088,9,6,11161,11064,0.81,0.54
17174,36,36,52096,51901,0.69,0.69
17272,3,2,11537,11364,0.26,0.18
17380,30,21,75804,76187,0.40,0.28
17388,0,4,5860,5739,0.00,0.70
17433,2,1,23805,23624,0.08,0.04
17442,4,6,8906,8968,0.45,0.67
17444,1,4,14956,14970,0.07,0.27
17446,0,2,3429,3424,0.00,0.58
17486,9,7,29829,30050,0.30,0.23
17495,2,3,6530,6481,0.31,0.46
17513,2,5,12843,12540,0.16,0.40
17524,14,9,17865,17834,0.78,0.50
17541,6,2,26380,26370,0.23,0.08
17614,9,13,59340,60061,0.15,0.22
17616,2,1,9914,9800,0.20,0.10
17653,1,3,17638,17293,0.06,0.17
17662,6,9,25750,25760,0.23,0.35
17665,2,2,7590,7584,0.26,0.26
17777,11,6,26169,26360,0.42,0.23
17867,6,5,8675,8592,0.69,0.58
17873,13,17,53142,54177,0.24,0.31
17877,5,2,12603,12551,0.40,0.16
18001,65,77,163354,166342,0.40,0.46
18029,5,2,6419,6429,0.78,0.31
18094,3,2,11381,11428,0.26,0.18
18150,25,9,31908,32384,0.78,0.28
18205,14,3,11517,11574,1.22,0.26
18247,13,11,21986,22039,0.59,0.50
18256,21,18,19365,19642,1.08,0.92
18410,15,19,23140,23295,0.65,0.82
18460,7,13,11660,11690,0.60,1.11
18479,5,4,3757,3773,1.33,1.06
18592,34,44,33067,33165,1.03,1.33
18610,15,11,14611,14712,1.03,0.75
18753,31,43,64409,65590,0.48,0.66
18756,6,5,22319,22757,0.27,0.22
18785,6,6,9149,9143,0.66,0.66
18860,4,4,11473,11524,0.35,0.35
19001,102,79,270340,272709,0.38,0.29
19022,4,7,21077,21139,0.19,0.33
19050,22,11,25983,26221,0.85,0.42
19075,20,11,24967,25174,0.80,0.44
19100,11,18,44350,44443,0.25,0.41
19110,19,29,30493,31062,0.62,0.93
19130,23,12,36596,36909,0.63,0.33
19137,4,19,32365,32613,0.12,0.58
19142,23,15,17536,17568,1.31,0.85
19212,36,38,30705,31090,1.17,1.22
19256,23,41,47053,47215,0.49,0.87
19290,4,6,6095,6107,0.66,0.98
19300,5,7,19696,19732,0.25,0.35
19318,8,4,29463,29555,0.27,0.14
19355,1,12,29512,29928,0.03,0.40
19364,2,5,16574,16901,0.12,0.30
19392,2,5,10707,10682,0.19,0.47
19397,5,6,43799,44423,0.11,0.14
19418,6,1,19961,20074,0.30,0.05
19450,2,15,17937,17977,0.11,0.83
19455,13,9,37592,38286,0.35,0.24
19473,7,11,25406,25589,0.28,0.43
19513,9,3,8010,7966,1.12,0.38
19517,1,2,33904,34279,0.03,0.06
19532,17,24,35216,35553,0.48,0.68
19533,7,2,7241,7273,0.97,0.27
19548,2,3,40558,41321,0.05,0.07
19573,26,52,45241,45395,0.57,1.15
19585,0,1,15213,15233,0.00,0.07
19622,5,3,13058,13141,0.38,0.23
19693,2,1,13559,13688,0.15,0.07
19698,59,56,89267,90682,0.66,0.62
19701,2,2,10182,10284,0.20,0.19
19743,3,4,31732,31873,0.09,0.13
19760,6,3,16548,16683,0.36,0.18
19780,8,19,18809,18754,0.43,1.01
19785,5,3,8888,8893,0.56,0.34
19807,12,8,32628,33046,0.37,0.24
19809,12,2,21285,21384,0.56,0.09
19821,3,5,28253,28561,0.11,0.18
19824,4,7,19247,19529,0.21,0.36
19845,10,8,15604,15798,0.64,0.51
20001,91,96,423278,433242,0.21,0.22
20011,25,41,89935,90962,0.28,0.45
20013,15,24,51909,51566,0.29,0.47
20032,2,4,18982,19060,0.11,0.21
20045,4,5,13620,13569,0.29,0.37
20060,4,8,35361,35993,0.11,0.22
20175,8,6,30830,30781,0.26,0.19
20178,3,8,20439,20179,0.15,0.40
20228,7,5,25348,25022,0.28,0.20
20238,7,2,26089,26224,0.27,0.08
20250,8,19,22273,22458,0.36,0.85
20295,2,1,15991,16211,0.13,0.06
20310,1,1,7621,7409,0.13,0.13
20383,3,5,13448,13273,0.22,0.38
20400,10,7,22206,22230,0.45,0.31
20443,0,0,13522,13848,0.00,0.00
20517,2,1,16834,16946,0.12,0.06
20550,6,1,17532,17659,0.34,0.06
20570,3,1,20677,21195,0.15,0.05
20614,1,7,14169,14128,0.07,0.50
20621,8,5,22612,22679,0.35,0.22
20710,2,7,23224,23700,0.09,0.30
20750,1,2,13521,13475,0.07,0.15
20770,9,5,18213,18322,0.49,0.27
20787,3,3,13950,13927,0.22,0.22
23001,81,103,422198,428579,0.19,0.24
23068,20,12,48324,49248,0.41,0.24
23079,9,3,20809,21082,0.43,0.14
23090,1,1,20131,20591,0.05,0.05
23162,17,14,89245,90023,0.19,0.16
23168,1,2,14601,14742,0.07,0.14
23182,5,9,46739,47266,0.11,0.19
23189,8,8,60674,61846,0.13,0.13
23300,4,2,15350,15380,0.26,0.13
23350,3,4,14403,14666,0.21,0.27
23417,18,26,115808,116631,0.16,0.22
23419,4,2,21768,22399,0.18,0.09
23464,1,2,14540,14644,0.07,0.14
23466,30,20,76010,77770,0.39,0.26
23500,0,7,26191,26593,0.00,0.26
23555,16,9,65502,66074,0.24,0.14
23570,2,2,36287,37034,0.06,0.05
23574,2,3,26652,27462,0.08,0.11
23580,14,16,43287,44694,0.32,0.36
23586,0,4,14947,14989,0.00,0.27
23660,13,13,89204,89439,0.15,0.15
23670,1,2,39530,40580,0.03,0.05
23672,19,20,29682,30240,0.64,0.66
23675,2,8,33687,34049,0.06,0.23
23678,1,7,26002,26366,0.04,0.27
23682,2,4,10514,10664,0.19,0.38
23686,2,7,42225,42680,0.05,0.16
23807,44,48,92948,95228,0.47,0.50
23815,0,5,35219,36024,0.00,0.14
23855,2,7,40160,41084,0.05,0.17
25001,1,1,11258,11172,0.09,0.09
25019,0,2,5955,5955,0.00,0.34
25035,3,2,12731,12908,0.24,0.15
25040,0,1,12599,12492,0.00,0.08
25053,0,2,12155,12201,0.00,0.16
25086,0,0,2110,2135,0.00,0.00
25095,0,0,2559,2554,0.00,0.00
25099,1,1,10708,10976,0.09,0.09
25120,2,2,4560,4540,0.44,0.44
25123,4,1,9892,9873,0.40,0.10
25126,4,7,53397,54550,0.07,0.13
25148,1,0,16636,16651,0.06,0.00
25151,1,0,16827,16897,0.06,0.00
25154,0,0,8885,8956,0.00,0.00
25168,0,1,3999,3999,0.00,0.25
25175,1,5,117786,120719,0.01,0.04
25178,1,0,8399,8399,0.12,0.00
25181,1,0,10891,10826,0.09,0.00
25183,2,1,23400,23999,0.09,0.04
25200,2,3,21098,21517,0.09,0.14
25214,2,2,23385,23897,0.09,0.08
25224,1,2,7351,7397,0.14,0.27
25245,4,5,21460,21592,0.19,0.23
25258,0,1,4846,4836,0.00,0.21
25260,0,2,16122,16486,0.00,0.12
25269,11,13,124779,127226,0.09,0.10
25279,4,3,12179,12200,0.33,0.25
25281,1,0,7227,7323,0.14,0.00
25286,6,12,71172,72566,0.08,0.17
25288,0,0,5473,5519,0.00,0.00
25290,11,23,126691,129301,0.09,0.18
25293,0,0,5765,5748,0.00,0.00
25295,0,1,13312,13678,0.00,0.07
25297,2,0,10875,10934,0.18,0.00
25299,0,0,3952,3966,0.00,0.00
25307,32,25,103175,103839,0.31,0.24
25312,1,1,8115,8314,0.12,0.12
25317,3,1,11424,11411,0.26,0.09
25320,3,9,36334,37003,0.08,0.24
25322,1,5,14044,14283,0.07,0.35
25324,0,0,2579,2595,0.00,0.00
25326,1,0,6835,6857,0.15,0.00
25328,0,1,3629,3631,0.00,0.28
25335,0,3,4880,4902,0.00,0.61
25339,0,0,3892,3963,0.00,0.00
25368,0,2,2689,2688,0.00,0.74
25372,0,0,8535,8566,0.00,0.00
25377,2,4,26449,26810,0.08,0.15
25386,7,3,29997,30441,0.23,0.10
25394,1,0,10472,10553,0.10,0.00
25398,0,1,7015,7019,0.00,0.14
25402,4,2,13953,14052,0.29,0.14
25407,1,1,10118,10169,0.10,0.10
25426,0,2,6466,6414,0.00,0.31
25430,7,7,73086,74600,0.10,0.09
25436,1,0,4676,4685,0.21,0.00
25438,6,2,10024,10058,0.60,0.20
25473,13,13,76652,78658,0.17,0.17
25486,0,1,12832,13050,0.00,0.08
25488,0,0,17042,17489,0.00,0.00
25489,1,0,6299,6427,0.16,0.00
25491,5,5,7888,7938,0.63,0.63
25506,2,0,4030,4039,0.50,0.00
25513,2,4,26600,26786,0.08,0.15
25518,0,0,4754,4669,0.00,0.00
25524,1,3,5595,5615,0.18,0.53
25530,3,0,7639,7669,0.39,0.00
25535,4,2,11870,11979,0.34,0.17
25572,4,4,17729,18040,0.23,0.22
25580,0,2,2960,2975,0.00,0.67
25592,1,0,4721,4725,0.21,0.00
25594,1,2,6974,7031,0.14,0.28
25596,1,1,8174,8171,0.12,0.12
25599,1,2,7813,7813,0.13,0.26
25612,3,2,9044,9169,0.33,0.22
25645,0,5,12883,12949,0.00,0.39
25649,0,1,10564,10596,0.00,0.09
25653,1,0,5329,5335,0.19,0.00
25658,1,0,9170,9312,0.11,0.00
25662,1,1,9687,9679,0.10,0.10
25718,0,3,10543,10590,0.00,0.28
25736,0,1,12576,13023,0.00,0.08
25740,2,8,36357,37030,0.06,0.22
25743,2,4,21840,21887,0.09,0.18
25745,1,0,12417,12635,0.08,0.00
25754,135,221,477918,488995,0.28,0.45
25758,1,3,25053,25611,0.04,0.12
25769,0,0,15174,15487,0.00,0.00
25772,1,1,16334,16658,0.06,0.06
25777,0,0,5000,5011,0.00,0.00
25779,0,0,11466,11738,0.00,0.00
25781,0,1,5321,5399,0.00,0.19
25785,0,2,25121,25757,0.00,0.08
25793,0,1,8483,8589,0.00,0.12
25797,1,0,8533,8663,0.12,0.00
25799,2,3,19496,19612,0.10,0.15
25805,1,3,4826,4830,0.21,0.62
25807,0,1,2966,2957,0.00,0.34
25815,2,4,18050,18170,0.11,0.22
25817,2,5,29511,30326,0.07,0.16
25823,1,0,4581,4560,0.22,0.00
25839,0,0,11066,10948,0.00,0.00
25841,0,0,6373,6312,0.00,0.00
25843,4,8,38169,38395,0.10,0.21
25845,1,0,8837,8956,0.11,0.00
25851,2,0,4981,4988,0.40,0.00
25862,1,0,7662,7669,0.13,0.00
25867,1,0,4162,4171,0.24,0.00
25871,0,0,2165,2168,0.00,0.00
25873,0,2,18764,19082,0.00,0.10
25875,4,3,24870,24963,0.16,0.12
25878,1,1,13370,13365,0.07,0.07
25885,2,3,16789,16842,0.12,0.18
25898,0,0,5401,5460,0.00,0.00
25899,9,15,116215,118267,0.08,0.13
27001,88,106,115052,115290,0.76,0.92
27006,8,3,9842,9756,0.81,0.31
27025,0,1,34117,34969,0.00,0.03
27050,6,3,9158,9402,0.66,0.32
27073,2,3,8178,8146,0.24,0.37
27075,9,5,9255,9279,0.97,0.54
27077,3,7,17086,17183,0.18,0.41
27099,1,3,10047,10066,0.10,0.30
27135,1,1,7396,7589,0.14,0.13
27150,5,5,5359,5400,0.93,0.93
27160,0,0,9915,9968,0.00,0.00
27205,5,3,14173,14328,0.35,0.21
27245,11,2,13352,13584,0.82,0.15
27250,5,4,14268,14569,0.35,0.27
27361,15,18,24824,25012,0.60,0.72
27372,2,2,3407,3373,0.59,0.59
27413,3,2,10934,11015,0.27,0.18
27425,1,1,26696,27602,0.04,0.04
27430,0,0,12992,13175,0.00,0.00
27450,1,5,15238,15596,0.07,0.32
27491,6,8,7934,7940,0.76,1.01
27495,1,0,8275,8376,0.12,0.00
27580,0,0,9191,9356,0.00,0.00
27600,0,3,8633,8743,0.00,0.34
27615,9,14,28665,28719,0.31,0.49
27660,10,9,4900,4875,2.04,1.85
27745,1,2,3869,3935,0.26,0.51
27787,8,9,18670,18752,0.43,0.48
27800,5,4,14973,15021,0.33,0.27
27810,2,0,9144,9298,0.22,0.00
41001,101,106,335490,337848,0.30,0.31
41006,14,14,30846,31516,0.45,0.44
41013,1,1,8888,8954,0.11,0.11
41016,5,4,24169,24847,0.21,0.16
41020,6,10,24257,24348,0.25,0.41
41026,1,0,4078,4154,0.25,0.00
41078,8,2,9497,9533,0.84,0.21
41132,8,18,33757,33949,0.24,0.53
41206,10,3,12042,12166,0.83,0.25
41244,2,0,3741,3803,0.53,0.00
41298,19,7,82390,84307,0.23,0.08
41306,10,6,31713,32248,0.32,0.19
41319,5,4,20106,20498,0.25,0.20
41349,2,3,6832,6867,0.29,0.44
41357,2,3,12082,12299,0.17,0.24
41359,14,14,26101,26452,0.54,0.53
41378,4,4,13254,13506,0.30,0.30
41396,12,19,59495,60563,0.20,0.31
41483,1,3,6184,6237,0.16,0.48
41503,4,2,12650,12934,0.32,0.15
41518,1,2,5448,5486,0.18,0.36
41524,9,5,30967,31536,0.29,0.16
41530,2,1,11162,11302,0.18,0.09
41548,1,2,13420,13502,0.07,0.15
41551,46,43,118677,121049,0.39,0.36
41615,6,12,18177,18384,0.33,0.65
41660,7,8,11108,11219,0.63,0.71
41668,9,5,31944,32269,0.28,0.15
41676,0,4,11030,11129,0.00,0.36
41770,6,5,17474,17962,0.34,0.28
41791,9,5,17115,17277,0.53,0.29
41797,0,3,9145,9186,0.00,0.33
41799,8,2,13970,14047,0.57,0.14
41801,1,8,8595,8651,0.12,0.92
41807,2,8,20217,20245,0.10,0.40
41872,0,0,7329,7327,0.00,0.00
41885,2,2,8597,8716,0.23,0.23
44001,74,46,231653,240951,0.32,0.19
44035,2,5,25018,25566,0.08,0.20
44078,6,14,32254,33060,0.19,0.42
44090,30,18,29446,30614,1.02,0.59
44098,0,0,14695,15065,0.00,0.00
44110,0,2,8357,8487,0.00,0.24
44279,8,7,31514,32116,0.25,0.22
44378,0,5,22203,23086,0.00,0.22
44420,0,0,3094,3128,0.00,0.00
44430,84,73,148427,151469,0.57,0.48
44560,4,4,92232,96080,0.04,0.04
44650,0,7,35972,36399,0.00,0.19
44847,8,1,156496,162362,0.05,0.01
44855,0,1,16561,17011,0.00,0.06
44874,3,5,26610,26973,0.11,0.19
47001,214,193,461900,469066,0.46,0.41
47030,3,4,12312,12399,0.24,0.32
47053,10,5,38162,38587,0.26,0.13
47058,5,10,31806,31932,0.16,0.31
47161,0,2,7966,7930,0.00,0.25
47170,1,0,16105,16047,0.06,0.00
47189,17,36,103546,103792,0.16,0.35
47205,2,0,9575,9506,0.21,0.00
47245,14,20,55175,55279,0.25,0.36
47258,1,1,16795,16771,0.06,0.06
47268,2,1,20269,20499,0.10,0.05
47288,16,12,57195,57246,0.28,0.21
47318,5,8,26592,26803,0.19,0.30
47460,5,1,18572,18959,0.27,0.05
47541,1,0,8034,8041,0.12,0.00
47545,0,0,15187,15363,0.00,0.00
47551,6,0,34501,34313,0.17,0.00
47555,7,11,55037,55956,0.13,0.20
47570,2,7,28720,29290,0.07,0.24
47605,0,1,8318,8265,0.00,0.12
47660,1,1,16252,16447,0.06,0.06
47675,0,0,7434,7324,0.00,0.00
47692,1,1,17407,17432,0.06,0.06
47703,2,0,9040,9062,0.22,0.00
47707,0,1,25034,25329,0.00,0.04
47720,1,1,12126,12284,0.08,0.08
47745,3,4,30446,30884,0.10,0.13
47798,2,2,12300,12278,0.16,0.16
47960,0,1,8737,8749,0.00,0.11
47980,24,16,59332,59699,0.40,0.27
50001,148,135,452522,463121,0.33,0.29
50006,22,20,64287,65800,0.34,0.30
50110,2,3,3703,3771,0.54,0.80
50124,2,0,3907,3951,0.51,0.00
50150,3,4,8787,9055,0.34,0.44
50223,3,0,5717,5798,0.52,0.00
50226,4,3,17623,17756,0.23,0.17
50245,0,0,2259,2256,0.00,0.00
50251,2,13,6528,6468,0.31,2.01
50270,0,0,3397,3409,0.00,0.00
50287,6,3,12604,12824,0.48,0.23
50313,39,27,58503,59739,0.67,0.45
50318,10,3,9241,9282,1.08,0.32
50325,6,8,15978,16389,0.38,0.49
50330,7,6,11096,11160,0.63,0.54
50350,8,20,30117,31015,0.27,0.64
50370,26,12,15012,15386,1.73,0.78
50400,8,10,9478,9455,0.84,1.06
50450,6,9,19317,19827,0.31,0.45
50568,37,13,18207,18325,2.03,0.71
50573,17,15,32108,32552,0.53,0.46
50577,6,6,10136,10037,0.59,0.60
50590,6,11,18309,18418,0.33,0.60
50606,2,2,10511,10544,0.19,0.19
50680,3,0,8584,8903,0.35,0.00
50683,1,3,8948,8911,0.11,0.34
50686,0,0,2078,2105,0.00,0.00
50689,13,7,23694,24028,0.55,0.29
50711,50,13,24154,24586,2.07,0.53
52001,89,108,423217,428890,0.21,0.25
52019,0,0,21270,21558,0.00,0.00
52022,0,1,6320,6236,0.00,0.16
52036,6,1,7607,7424,0.79,0.13
52051,3,2,7523,7533,0.40,0.27
52079,18,19,35406,36214,0.51,0.52
52083,3,1,7230,7323,0.41,0.14
52110,4,4,24179,24466,0.17,0.16
52203,4,5,10005,10052,0.40,0.50
52207,1,2,9674,9582,0.10,0.21
52210,2,4,6875,6896,0.29,0.58
52215,3,3,13889,13932,0.22,0.22
52224,2,1,8447,8495,0.24,0.12
52227,2,6,35540,36224,0.06,0.17
52233,2,3,13982,14385,0.14,0.21
52240,2,1,13504,13606,0.15,0.07
52250,8,7,33085,34300,0.24,0.20
52254,0,3,6616,6581,0.00,0.46
52256,5,3,10575,10455,0.47,0.29
52258,1,5,13122,13003,0.08,0.38
52260,2,3,12817,12638,0.16,0.24
52287,3,0,6645,6593,0.45,0.00
52317,2,0,16029,15912,0.12,0.00
52320,3,0,12498,12335,0.24,0.00
52323,1,1,5747,5754,0.17,0.17
52352,0,1,8435,8519,0.00,0.12
52354,2,0,6598,6483,0.30,0.00
52356,42,30,129362,132438,0.32,0.23
52378,2,3,18100,18145,0.11,0.17
52381,2,3,9953,9805,0.20,0.31
52385,0,3,6045,5970,0.00,0.50
52390,2,2,11130,11591,0.18,0.17
52399,17,22,26639,26456,0.64,0.83
52405,9,18,13252,13449,0.68,1.34
52411,4,5,10572,10394,0.38,0.48
52418,3,4,18403,18738,0.16,0.21
52427,2,3,20435,21086,0.10,0.14
52435,7,2,8190,8044,0.85,0.25
52473,0,0,14874,15328,0.00,0.00
52480,0,1,4657,4725,0.00,0.21
52490,11,11,30081,30456,0.37,0.36
52506,0,0,8590,8640,0.00,0.00
52520,3,4,13723,14143,0.22,0.28
52540,21,19,15889,16204,1.32,1.17
52560,2,3,12425,12332,0.16,0.24
52565,3,2,12796,12955,0.23,0.15
52573,3,1,8570,8520,0.35,0.12
52585,11,5,19122,19223,0.58,0.26
52612,7,3,17475,17862,0.40,0.17
52621,4,10,20725,21332,0.19,0.47
52678,21,31,49816,49726,0.42,0.62
52683,7,2,25588,25624,0.27,0.08
52685,0,1,17624,18146,0.00,0.06
52687,2,1,19409,19546,0.10,0.05
52693,3,2,17712,17640,0.17,0.11
52694,0,0,7392,7447,0.00,0.00
52696,1,3,14937,14878,0.07,0.20
52699,5,3,25679,26489,0.19,0.11
52720,1,0,6681,6575,0.15,0.00
52786,10,10,19468,19819,0.51,0.50
52788,1,1,10003,9878,0.10,0.10
52835,244,220,187084,191218,1.30,1.15
52838,11,5,40881,40792,0.27,0.12
52885,2,2,10678,10779,0.19,0.19
54001,330,267,630971,637302,0.52,0.42
54003,6,14,36929,37279,0.16,0.38
54051,4,1,9036,9017,0.44,0.11
54099,2,1,6849,6896,0.29,0.15
54109,0,0,4565,4569,0.00,0.00
54125,0,0,2101,2045,0.00,0.00
54128,2,1,10856,10894,0.18,0.09
54172,1,1,15858,16020,0.06,0.06
54174,0,3,10317,10335,0.00,0.29
54206,21,19,14393,14107,1.46,1.35
54223,0,2,7882,7816,0.00,0.26
54239,1,1,3889,3845,0.26,0.26
54245,6,14,14675,14453,0.41,0.97
54250,9,7,10881,10900,0.83,0.64
54261,21,21,22040,22305,0.95,0.94
54313,0,1,5779,5705,0.00,0.18
54344,6,6,10473,10532,0.57,0.57
54347,0,0,4176,4135,0.00,0.00
54377,0,0,5848,5853,0.00,0.00
54385,3,3,11674,11790,0.26,0.25
54398,0,2,8516,8527,0.00,0.23
54405,29,26,73701,74640,0.39,0.35
54418,0,0,3383,3378,0.00,0.00
54480,0,0,3800,3796,0.00,0.00
54498,25,35,95958,96723,0.26,0.36
54518,2,3,56153,56569,0.04,0.05
54520,1,0,4892,4905,0.20,0.00
54553,20,3,9767,9933,2.05,0.30
54599,0,1,6869,6877,0.00,0.15
54660,0,0,9082,9046,0.00,0.00
54670,3,5,13187,13292,0.23,0.38
54673,2,0,5116,5222,0.39,0.00
54680,1,0,2783,2799,0.36,0.00
54720,8,9,22666,22655,0.35,0.40
54743,1,1,4706,4615,0.21,0.22
54800,22,13,20216,20638,1.09,0.63
54810,38,24,35909,36105,1.06,0.66
54820,1,6,17279,17280,0.06,0.35
54871,1,0,5152,5166,0.19,0.00
54874,51,34,82450,84414,0.62,0.40
63001,80,91,292045,293605,0.27,0.31
63111,1,1,2911,2886,0.34,0.35
63130,22,49,76415,76819,0.29,0.64
63190,20,26,29150,29393,0.69,0.88
63212,1,0,5345,5325,0.19,0.00
63272,6,3,13255,13310,0.45,0.23
63302,4,2,8380,8225,0.48,0.24
63401,12,17,39338,40247,0.31,0.42
63470,24,37,40871,41010,0.59,0.90
63548,4,5,6300,6243,0.63,0.80
63594,16,14,34687,34777,0.46,0.40
63690,2,3,7139,7129,0.28,0.42
66001,165,181,462209,464719,0.36,0.39
66045,10,2,18540,18692,0.54,0.11
66075,5,2,6338,6332,0.79,0.32
66088,11,9,27726,27723,0.40,0.32
66170,70,60,193024,194976,0.36,0.31
66318,7,1,15446,15396,0.45,0.06
66383,2,5,8646,8632,0.23,0.58
66400,24,23,31808,31886,0.75,0.72
66440,9,7,22720,22908,0.40,0.31
66456,6,12,15815,15930,0.38,0.75
66572,7,2,12825,12969,0.55,0.15
66594,10,11,33602,33651,0.30,0.33
66682,22,19,71601,71810,0.31,0.26
66687,10,14,15610,15651,0.64,0.89
68001,91,97,526056,526827,0.17,0.18
68013,0,0,1927,1905,0.00,0.00
68020,1,0,4899,4961,0.20,0.00
68051,0,0,8340,8331,0.00,0.00
68077,3,4,27877,28132,0.11,0.14
68079,0,0,7352,7306,0.00,0.00
68081,42,79,191718,191764,0.22,0.41
68092,1,4,5188,5153,0.19,0.78
68101,3,2,12814,12658,0.23,0.16
68121,0,0,2154,2189,0.00,0.00
68132,0,0,1920,1944,0.00,0.00
68147,2,0,5751,5702,0.35,0.00
68152,0,1,5105,5086,0.00,0.20
68160,0,0,1915,1898,0.00,0.00
68162,0,10,5890,5827,0.00,1.72
68167,2,3,10794,10710,0.19,0.28
68169,0,0,2802,2763,0.00,0.00
68176,0,0,3151,3123,0.00,0.00
68179,0,0,5111,5104,0.00,0.00
68190,12,14,41375,42463,0.29,0.33
68207,0,0,5476,5413,0.00,0.00
68209,1,0,2718,2715,0.37,0.00
68211,1,0,3643,3596,0.27,0.00
68217,2,0,7500,7521,0.27,0.00
68229,3,1,11771,11819,0.25,0.08
68235,0,0,19501,19696,0.00,0.00
68245,0,0,2089,2062,0.00,0.00
68250,0,2,5253,5217,0.00,0.38
68255,0,4,12177,12036,0.00,0.33
68264,1,0,2550,2538,0.39,0.00
68266,1,0,3502,3443,0.29,0.00
68271,0,0,6325,6317,0.00,0.00
68276,32,28,263041,263908,0.12,0.11
68296,0,0,2493,2425,0.00,0.00
68298,0,1,5058,5053,0.00,0.20
68307,22,25,166115,170771,0.13,0.15
68318,1,0,6546,6491,0.15,0.00
68320,1,2,4997,4918,0.20,0.41
68322,0,0,2164,2160,0.00,0.00
68324,0,0,3866,3807,0.00,0.00
68327,1,0,3965,3922,0.25,0.00
68344,0,0,2365,2363,0.00,0.00
68368,0,1,3234,3204,0.00,0.31
68370,0,0,1121,1112,0.00,0.00
68377,0,0,8565,8574,0.00,0.00
68385,4,6,15322,15335,0.26,0.39
68397,0,0,5287,5244,0.00,0.00
68406,2,5,36138,36926,0.06,0.14
68418,2,0,11828,11946,0.17,0.00
68425,0,0,2479,2437,0.00,0.00
68432,1,0,18486,18455,0.05,0.00
68444,1,0,5452,5413,0.18,0.00
68464,2,2,10900,10901,0.18,0.18
68468,0,1,5342,5292,0.00,0.19
68498,1,0,4836,4810,0.21,0.00
68500,1,0,11488,11573,0.09,0.00
68502,2,0,5234,5176,0.38,0.00
68522,0,0,3179,3229,0.00,0.00
68524,1,0,2295,2285,0.44,0.00
68533,0,0,3975,4028,0.00,0.00
68547,20,20,139178,142483,0.14,0.14
68549,0,0,4956,5033,0.00,0.00
68572,0,0,13054,12860,0.00,0.00
68573,2,1,7205,7317,0.28,0.14
68575,6,7,31503,31507,0.19,0.22
68615,3,1,27775,27551,0.11,0.04
68655,8,5,19077,18944,0.42,0.26
68669,0,0,8884,8774,0.00,0.00
68673,0,0,3956,3962,0.00,0.00
68679,3,3,44937,45114,0.07,0.07
68682,0,1,2621,2562,0.00,0.39
68684,1,0,4487,4438,0.22,0.00
68686,0,0,2461,2438,0.00,0.00
68689,0,8,34250,34378,0.00,0.23
68705,2,0,2186,2163,0.91,0.00
68720,0,0,4349,4330,0.00,0.00
68745,2,0,8107,7996,0.25,0.00
68755,4,2,30142,30295,0.13,0.07
68770,0,0,10477,10408,0.00,0.00
68773,0,0,8638,8559,0.00,0.00
68780,0,0,3398,3362,0.00,0.00
68820,1,0,6962,7001,0.14,0.00
68855,1,0,4841,4778,0.21,0.00
68861,3,2,19255,19185,0.16,0.10
68867,1,0,2407,2416,0.42,0.00
68872,1,1,6193,6082,0.16,0.16
68895,0,0,9061,9019,0.00,0.00
70001,82,80,263776,267571,0.31,0.30
70110,0,1,9375,9434,0.00,0.11
70124,0,5,11745,11860,0.00,0.42
70204,0,0,5946,5915,0.00,0.00
70215,2,7,61126,61557,0.03,0.11
70221,3,9,12832,13060,0.23,0.69
70230,0,0,4305,4322,0.00,0.00
70233,0,0,10200,10312,0.00,0.00
70235,0,1,19243,19556,0.00,0.05
70265,6,4,16786,16989,0.36,0.24
70400,0,1,10896,10983,0.00,0.09
70418,1,3,19282,19270,0.05,0.16
70429,2,1,32731,32904,0.06,0.03
70473,1,2,13926,14087,0.07,0.14
70508,1,0,21258,21196,0.05,0.00
70523,3,0,12928,13176,0.23,0.00
70670,4,10,37496,37644,0.11,0.27
70678,0,2,24645,24899,0.00,0.08
70702,0,0,12499,12515,0.00,0.00
70708,13,10,55032,55698,0.24,0.18
70713,15,15,48961,49372,0.31,0.30
70717,0,2,16167,16122,0.00,0.12
70742,0,2,32713,33039,0.00,0.06
70771,0,3,22363,22366,0.00,0.13
70820,11,7,31641,32187,0.35,0.22
70823,2,1,18908,18903,0.11,0.05
73001,106,93,537467,542876,0.20,0.17
73024,0,0,5055,5034,0.00,0.00
73026,2,4,8874,8859,0.23,0.45
73030,3,3,7084,7000,0.42,0.43
73043,9,9,17815,18015,0.51,0.50
73055,2,8,12289,12179,0.16,0.66
73067,11,6,22306,22371,0.49,0.27
73124,11,5,19699,19685,0.56,0.25
73148,1,2,8680,8715,0.12,0.23
73152,4,4,6768,6738,0.59,0.59
73168,31,15,47028,47082,0.66,0.32
73200,3,1,9520,9592,0.32,0.10
73217,4,5,28176,28221,0.14,0.18
73226,2,3,9987,9898,0.20,0.30
73236,1,0,8392,8301,0.12,0.00
73268,7,11,76377,76341,0.09,0.14
73270,4,1,9239,9232,0.43,0.11
73275,29,25,28801,28903,1.01,0.86
73283,10,11,30617,30500,0.33,0.36
73319,8,8,33129,32877,0.24,0.24
73347,3,3,8423,8312,0.36,0.36
73349,5,13,25519,25263,0.20,0.51
73352,4,4,11224,11148,0.36,0.36
73408,1,1,18156,17966,0.06,0.06
73411,10,13,41012,40822,0.24,0.32
73443,18,14,33234,33259,0.54,0.42
73449,9,9,35135,35439,0.26,0.25
73461,1,1,5055,5038,0.20,0.20
73483,4,2,22763,22698,0.18,0.09
73504,4,6,32809,32700,0.12,0.18
73520,5,4,9312,9277,0.54,0.43
73547,1,0,5567,5584,0.18,0.00
73555,11,17,29792,29832,0.37,0.57
73563,2,2,8069,7968,0.25,0.25
73585,0,3,28885,29012,0.00,0.10
73616,11,15,24869,24756,0.44,0.61
73622,2,3,6303,6317,0.32,0.47
73624,14,18,20934,20844,0.67,0.86
73671,4,1,14650,14586,0.27,0.07
73675,6,6,14662,14575,0.41,0.41
73678,1,0,19196,19186,0.05,0.00
73686,1,1,6437,6423,0.16,0.16
73770,2,0,4539,4545,0.44,0.00
73854,9,2,6291,6317,1.43,0.32
73861,1,2,19359,19437,0.05,0.10
73870,4,6,10872,10818,0.37,0.55
73873,3,1,5668,5599,0.53,0.18
76001,1819,1964,2294653,2319684,0.79,0.85
76020,14,9,20110,20512,0.70,0.44
76036,12,17,17889,17865,0.67,0.95
76041,36,20,19876,19771,1.81,1.01
76054,5,4,6518,6493,0.77,0.62
76100,13,20,14001,13827,0.93,1.45
76109,122,187,377105,384504,0.32,0.49
76111,95,94,115772,115609,0.82,0.81
76113,11,20,21312,21264,0.52,0.94
76122,37,49,30132,30032,1.23,1.63
76126,20,7,15682,15712,1.28,0.45
76130,27,28,78111,79297,0.35,0.35
76147,113,110,130076,130820,0.87,0.84
76233,21,20,36046,36159,0.58,0.55
76243,10,15,10945,10987,0.91,1.37
76246,6,2,9777,9847,0.61,0.20
76248,42,54,56608,56892,0.74,0.95
76250,20,4,8792,8701,2.27,0.46
76275,60,50,57485,57699,1.04,0.87
76306,4,4,20479,20665,0.20,0.19
76318,23,23,33667,33955,0.68,0.68
76364,90,74,112346,114707,0.80,0.65
76377,5,6,11379,11418,0.44,0.53
76400,43,51,35836,36452,1.20,1.40
76403,16,8,13518,13426,1.18,0.60
76497,9,12,14768,14837,0.61,0.81
76520,274,186,298671,300707,0.92,0.62
76563,73,25,53143,53804,1.37,0.46
76606,3,7,16103,16145,0.19,0.43
76616,29,12,15439,15193,1.88,0.79
76622,48,34,33343,33153,1.44,1.03
76670,9,9,17397,17644,0.52,0.51
76736,27,36,45965,45696,0.59,0.79
76823,12,21,16218,16277,0.74,1.29
76828,11,15,18289,18223,0.60,0.82
76834,198,146,204138,206610,0.97,0.71
76845,3,3,5553,5520,0.54,0.54
76863,2,3,7514,7411,0.27,0.40
76869,4,1,10621,10748,0.38,0.09
76890,17,15,16053,16119,1.06,0.93
76892,67,70,109131,111753,0.61,0.63
76895,29,22,43908,44342,0.66,0.50
81001,5,14,84716,85994,0.06,0.16
81065,56,23,39984,40432,1.40,0.57
81220,1,2,3428,3390,0.29,0.59
81300,17,32,24308,24663,0.70,1.30
81591,1,0,3871,3861,0.26,0.00
81736,43,28,46006,46425,0.93,0.60
81794,60,62,51252,51762,1.17,1.20
85001,16,24,129943,133220,0.12,0.18
85010,10,5,35267,36335,0.28,0.14
85015,2,0,2295,2352,0.87,0.00
85125,4,3,11511,11719,0.35,0.26
85136,0,1,1381,1394,0.00,0.72
85139,2,3,11151,11142,0.18,0.27
85162,2,5,14239,14436,0.14,0.35
85225,1,5,8704,8738,0.11,0.57
85230,1,4,8157,8207,0.12,0.49
85250,12,7,26799,26741,0.45,0.26
85263,2,2,7933,7921,0.25,0.25
85279,1,0,3621,3770,0.28,0.00
85300,0,1,3121,3073,0.00,0.33
85315,2,0,1916,1944,1.04,0.00
85325,3,2,7646,7688,0.39,0.26
85400,1,4,7054,7051,0.14,0.57
85410,7,1,20215,20830,0.35,0.05
85430,4,4,13707,14046,0.29,0.28
85440,4,11,23226,23433,0.17,0.47
86001,8,14,39867,40579,0.20,0.35
86219,0,0,5389,5427,0.00,0.00
86320,14,22,49420,50424,0.28,0.44
86568,49,69,58446,58951,0.84,1.17
86569,16,25,14441,14484,1.11,1.73
86571,11,10,23316,23426,0.47,0.43
86573,7,10,15562,15517,0.45,0.64
86749,2,0,13876,13963,0.14,0.00
86755,0,3,7005,7029,0.00,0.43
86757,13,16,24967,25476,0.52,0.63
86760,0,0,10072,10192,0.00,0.00
86865,18,32,49934,50582,0.36,0.63
86885,12,16,20952,21004,0.57,0.76
88001,12,19,69463,70069,0.17,0.27
88564,0,0,5078,5098,0.00,0.00
91001,7,9,40342,40673,0.17,0.22
91263,0,0,4708,4752,0.00,0.00
91405,0,0,3715,3769,0.00,0.00
91407,0,0,4578,4711,0.00,0.00
91430,0,0,1066,1078,0.00,0.00
91460,0,0,1555,1546,0.00,0.00
91530,0,0,1715,1788,0.00,0.00
91536,0,0,1380,1370,0.00,0.00
91540,0,0,7808,7925,0.00,0.00
91669,0,0,2758,2815,0.00,0.00
91798,0,0,4074,4114,0.00,0.00
94001,0,5,19282,19464,0.00,0.26
94343,0,0,4732,4776,0.00,0.00
94663,0,0,2924,2898,0.00,0.00
94883,0,0,1819,1894,0.00,0.00
94884,0,0,4440,4538,0.00,0.00
94885,0,0,312,326,0.00,0.00
94886,0,0,2173,2270,0.00,0.00
94887,0,0,2851,2948,0.00,0.00
94888,0,0,1041,1089,0.00,0.00
95001,34,42,61383,62437,0.55,0.67
95015,10,6,9734,9519,1.03,0.63
95025,7,4,21803,22192,0.32,0.18
95200,1,10,13466,13786,0.07,0.73
97001,1,2,30658,30962,0.03,0.06
97161,0,0,3310,3317,0.00,0.00
97511,0,0,5316,5445,0.00,0.00
97666,0,0,1000,992,0.00,0.00
97777,0,0,857,853,0.00,0.00
97889,0,0,1251,1248,0.00,0.00
99001,4,6,15012,15258,0.27,0.39
99524,4,4,13791,14294,0.29,0.28
99624,0,0,3807,3877,0.00,0.00
99773,19,8,34307,35146,0.55,0.23